test_index,arxiv_id,paper_id,title,rank,raw_line_number,taxonomy_signal_score,taxonomy_ranking_score,taxonomy_signal_bucket,outline_node_count,reference_count,outline_path,pdf_path,tex_source_dir,raw_sha256
1,2305.03803,2305.03803,A Survey of Trojans in Neural Models of Source Code: Taxonomy and Techniques,1,1611,8,12,high,29,41,outlines/001_2305.03803.outline.json,pdf/001_2305.03803.pdf,tex_src/001_2305.03803,5938812a35aabe85f8b2a08d0408d70cdab1627ceeb008b93d82e3f76a01eca5
2,2206.07579,2206.07579,"A Comprehensive Survey on Deep Clustering: Taxonomy, Challenges, and Future Directions",2,1326,8,11,high,68,336,outlines/002_2206.07579.outline.json,pdf/002_2206.07579.pdf,tex_src/002_2206.07579,5938812a35aabe85f8b2a08d0408d70cdab1627ceeb008b93d82e3f76a01eca5
3,2209.03245,2209.03245,The HoloLens in Medicine: A systematic Review and Taxonomy,3,1393,8,11,high,35,244,outlines/003_2209.03245.outline.json,pdf/003_2209.03245.pdf,tex_src/003_2209.03245,5938812a35aabe85f8b2a08d0408d70cdab1627ceeb008b93d82e3f76a01eca5
4,2302.04473,2302.04473,"A Comprehensive Survey on Multimodal Recommender Systems: Taxonomy, Evaluation, and Future Directions",4,1516,8,11,high,37,95,outlines/004_2302.04473.outline.json,pdf/004_2302.04473.pdf,tex_src/004_2302.04473,5938812a35aabe85f8b2a08d0408d70cdab1627ceeb008b93d82e3f76a01eca5
5,2309.01194,2309.01194,"A Survey on Service Route and Time Prediction in Instant Delivery: Taxonomy, Progress, and Prospects",5,1758,8,11,high,34,148,outlines/005_2309.01194.outline.json,pdf/005_2309.01194.pdf,tex_src/005_2309.01194,5938812a35aabe85f8b2a08d0408d70cdab1627ceeb008b93d82e3f76a01eca5
6,2502.08353,2502.08353,Trustworthy GNNs with LLMs: A Systematic Review and Taxonomy,6,2053,8,11,high,13,57,outlines/006_2502.08353.outline.json,pdf/006_2502.08353.pdf,tex_src/006_2502.08353,5938812a35aabe85f8b2a08d0408d70cdab1627ceeb008b93d82e3f76a01eca5
7,2503.14110,2503.14110,"A Comprehensive Survey on Cross-Domain Recommendation: Taxonomy, Progress, and Prospects",7,2131,8,11,high,29,111,outlines/007_2503.14110.outline.json,pdf/007_2503.14110.pdf,tex_src/007_2503.14110,5938812a35aabe85f8b2a08d0408d70cdab1627ceeb008b93d82e3f76a01eca5
8,2306.07303,2306.07303,A Comprehensive Survey on Applications of Transformers for Deep Learning Tasks,8,1661,8,10,high,51,298,outlines/008_2306.07303.outline.json,pdf/008_2306.07303.pdf,tex_src/008_2306.07303,5938812a35aabe85f8b2a08d0408d70cdab1627ceeb008b93d82e3f76a01eca5
9,2205.09904,2205.09904,Deep transfer learning for image classification: a survey,9,1301,8,10,high,46,178,outlines/009_2205.09904.outline.json,pdf/009_2205.09904.pdf,tex_src/009_2205.09904,5938812a35aabe85f8b2a08d0408d70cdab1627ceeb008b93d82e3f76a01eca5
10,2209.06399,2209.06399,"A Survey on Evolutionary Computation for Computer Vision and Image Analysis: Past, Present, and Future Trends",10,1399,8,10,high,53,367,outlines/010_2209.06399.outline.json,pdf/010_2209.06399.pdf,tex_src/010_2209.06399,5938812a35aabe85f8b2a08d0408d70cdab1627ceeb008b93d82e3f76a01eca5
11,1910.04656,1910.04656,Intelligent Traffic Monitoring Systems for Vehicle Classification: A Survey,11,697,8,10,high,20,159,outlines/011_1910.04656.outline.json,pdf/011_1910.04656.pdf,tex_src/011_1910.04656,5938812a35aabe85f8b2a08d0408d70cdab1627ceeb008b93d82e3f76a01eca5
12,2001.09957,2001.09957,Reinforcement Learning-based Application Autoscaling in the Cloud: A Survey,12,721,8,10,high,24,123,outlines/012_2001.09957.outline.json,pdf/012_2001.09957.pdf,tex_src/012_2001.09957,5938812a35aabe85f8b2a08d0408d70cdab1627ceeb008b93d82e3f76a01eca5
13,2010.11075,2010.11075,Neural Networks for Entity Matching: A Survey,13,834,8,10,high,56,120,outlines/013_2010.11075.outline.json,pdf/013_2010.11075.pdf,tex_src/013_2010.11075,5938812a35aabe85f8b2a08d0408d70cdab1627ceeb008b93d82e3f76a01eca5
14,2103.00111,2103.00111,Graph Self-Supervised Learning: A Survey,14,933,8,10,high,36,174,outlines/014_2103.00111.outline.json,pdf/014_2103.00111.pdf,tex_src/014_2103.00111,5938812a35aabe85f8b2a08d0408d70cdab1627ceeb008b93d82e3f76a01eca5
15,2105.00827,2105.00827,AMMU : A Survey of Transformer-based Biomedical Pretrained Language Models,15,977,8,10,high,64,218,outlines/015_2105.00827.outline.json,pdf/015_2105.00827.pdf,tex_src/015_2105.00827,5938812a35aabe85f8b2a08d0408d70cdab1627ceeb008b93d82e3f76a01eca5
16,2202.10284,2202.10284,A Review of Emerging Research Directions in Abstract Visual Reasoning,16,1203,8,10,high,50,277,outlines/016_2202.10284.outline.json,pdf/016_2202.10284.pdf,tex_src/016_2202.10284,5938812a35aabe85f8b2a08d0408d70cdab1627ceeb008b93d82e3f76a01eca5
17,2209.02681,2209.02681,"How important are activation functions in regression and classification? A survey, performance comparison, and future directions",17,1392,8,10,high,39,236,outlines/017_2209.02681.outline.json,pdf/017_2209.02681.pdf,tex_src/017_2209.02681,5938812a35aabe85f8b2a08d0408d70cdab1627ceeb008b93d82e3f76a01eca5
18,2503.18669,2503.18669,A Comprehensive Review on Hashtag Recommendation: From Traditional to Deep Learning and Beyond,18,2141,8,10,high,60,236,outlines/018_2503.18669.outline.json,pdf/018_2503.18669.pdf,tex_src/018_2503.18669,5938812a35aabe85f8b2a08d0408d70cdab1627ceeb008b93d82e3f76a01eca5
19,2503.18805,2503.18805,"Virtual Reality in Manufacturing Education: A Scoping Review Indicating State-of-the-Art, Benefits, and Challenges Across Domains, Levels, and Entities",19,2142,8,10,high,55,294,outlines/019_2503.18805.outline.json,pdf/019_2503.18805.pdf,tex_src/019_2503.18805,5938812a35aabe85f8b2a08d0408d70cdab1627ceeb008b93d82e3f76a01eca5
20,2206.03237,2206.03237,Blockchain for Business Process Enactment: A Taxonomy and Systematic Literature Review,20,1319,8,10,high,24,55,outlines/020_2206.03237.outline.json,pdf/020_2206.03237.pdf,tex_src/020_2206.03237,5938812a35aabe85f8b2a08d0408d70cdab1627ceeb008b93d82e3f76a01eca5
21,2212.09970,2212.09970,Data Augmentation on Graphs: A Technical Survey,21,1470,8,10,high,54,159,outlines/021_2212.09970.outline.json,pdf/021_2212.09970.pdf,tex_src/021_2212.09970,5938812a35aabe85f8b2a08d0408d70cdab1627ceeb008b93d82e3f76a01eca5
22,2212.12478,2212.12478,Image Classification with Small Datasets: Overview and Benchmark,22,1476,8,10,high,53,70,outlines/022_2212.12478.outline.json,pdf/022_2212.12478.pdf,tex_src/022_2212.12478,5938812a35aabe85f8b2a08d0408d70cdab1627ceeb008b93d82e3f76a01eca5
23,2304.04300,2304.04300,Class-Imbalanced Learning on Graphs: A Survey,23,1580,8,10,high,33,126,outlines/023_2304.04300.outline.json,pdf/023_2304.04300.pdf,tex_src/023_2304.04300,5938812a35aabe85f8b2a08d0408d70cdab1627ceeb008b93d82e3f76a01eca5
24,2307.16265,2307.16265,Recent Advances in Hierarchical Multi-label Text Classification: A Survey,24,1719,8,10,high,12,49,outlines/024_2307.16265.outline.json,pdf/024_2307.16265.pdf,tex_src/024_2307.16265,5938812a35aabe85f8b2a08d0408d70cdab1627ceeb008b93d82e3f76a01eca5
25,2402.16374,2402.16374,"Graph Learning under Distribution Shifts: A Comprehensive Survey on Domain Adaptation, Out-of-distribution, and Continual Learning",25,1987,8,10,high,35,283,outlines/025_2402.16374.outline.json,pdf/025_2402.16374.pdf,tex_src/025_2402.16374,5938812a35aabe85f8b2a08d0408d70cdab1627ceeb008b93d82e3f76a01eca5
26,2503.06705,2503.06705,"A Survey on the Landscape of Self-adaptive Cloud Design and Operations Patterns: Goals, Strategies, Tooling, Evaluation and Dataset Perspectives",26,2110,8,10,high,29,150,outlines/026_2503.06705.outline.json,pdf/026_2503.06705.pdf,tex_src/026_2503.06705,5938812a35aabe85f8b2a08d0408d70cdab1627ceeb008b93d82e3f76a01eca5
27,2002.11059,2002.11059,NFV Platform Design: A Survey,27,727,8,10,high,45,190,outlines/027_2002.11059.outline.json,pdf/027_2002.11059.pdf,tex_src/027_2002.11059,5938812a35aabe85f8b2a08d0408d70cdab1627ceeb008b93d82e3f76a01eca5
28,2010.06850,2010.06850,A Review of Cyber-Ranges and Test-Beds: Current and Future Trends,28,828,8,10,high,55,191,outlines/028_2010.06850.outline.json,pdf/028_2010.06850.pdf,tex_src/028_2010.06850,5938812a35aabe85f8b2a08d0408d70cdab1627ceeb008b93d82e3f76a01eca5
29,2012.09830,2012.09830,Autotelic Agents with Intrinsically Motivated Goal-Conditioned Reinforcement Learning: a Short Survey,29,888,8,10,high,34,296,outlines/029_2012.09830.outline.json,pdf/029_2012.09830.pdf,tex_src/029_2012.09830,5938812a35aabe85f8b2a08d0408d70cdab1627ceeb008b93d82e3f76a01eca5
30,2101.08091,2101.08091,A survey of joint intent detection and slot-filling models in natural language understanding,30,903,8,10,high,87,169,outlines/030_2101.08091.outline.json,pdf/030_2101.08091.pdf,tex_src/030_2101.08091,5938812a35aabe85f8b2a08d0408d70cdab1627ceeb008b93d82e3f76a01eca5
31,2103.09340,2103.09340,Technical Debt in the Peer-Review Documentation of R Packages: a rOpenSci Case Study,31,946,8,10,high,17,66,outlines/031_2103.09340.outline.json,pdf/031_2103.09340.pdf,tex_src/031_2103.09340,5938812a35aabe85f8b2a08d0408d70cdab1627ceeb008b93d82e3f76a01eca5
32,2103.13136,2103.13136,Representing Numbers in NLP: a Survey and a Vision,32,950,8,10,high,15,79,outlines/032_2103.13136.outline.json,pdf/032_2103.13136.pdf,tex_src/032_2103.13136,5938812a35aabe85f8b2a08d0408d70cdab1627ceeb008b93d82e3f76a01eca5
33,2106.04554,2106.04554,A Survey of Transformers,33,1014,8,10,high,62,173,outlines/033_2106.04554.outline.json,pdf/033_2106.04554.pdf,tex_src/033_2106.04554,5938812a35aabe85f8b2a08d0408d70cdab1627ceeb008b93d82e3f76a01eca5
34,2106.12113,2106.12113,Conflict Avoidance in Social Navigation -- a Survey,34,1019,8,10,high,22,217,outlines/034_2106.12113.outline.json,pdf/034_2106.12113.pdf,tex_src/034_2106.12113,5938812a35aabe85f8b2a08d0408d70cdab1627ceeb008b93d82e3f76a01eca5
35,2107.00272,2107.00272,A Survey on Graph-Based Deep Learning for Computational Histopathology,35,1025,8,10,high,47,181,outlines/035_2107.00272.outline.json,pdf/035_2107.00272.pdf,tex_src/035_2107.00272,5938812a35aabe85f8b2a08d0408d70cdab1627ceeb008b93d82e3f76a01eca5
36,2202.07125,2202.07125,Transformers in Time Series: A Survey,36,1184,8,10,high,31,131,outlines/036_2202.07125.outline.json,pdf/036_2202.07125.pdf,tex_src/036_2202.07125,5938812a35aabe85f8b2a08d0408d70cdab1627ceeb008b93d82e3f76a01eca5
37,2204.11190,2204.11190,"Knowledge-aware Document Summarization: A Survey of Knowledge, Embedding Methods and Architectures",37,1277,8,10,high,18,81,outlines/037_2204.11190.outline.json,pdf/037_2204.11190.pdf,tex_src/037_2204.11190,5938812a35aabe85f8b2a08d0408d70cdab1627ceeb008b93d82e3f76a01eca5
38,2205.07417,2205.07417,Transformers in 3D Point Clouds: A Survey,38,1297,8,10,high,38,168,outlines/038_2205.07417.outline.json,pdf/038_2205.07417.pdf,tex_src/038_2205.07417,5938812a35aabe85f8b2a08d0408d70cdab1627ceeb008b93d82e3f76a01eca5
39,2210.00443,2210.00443,ReAct: A Review Comment Dataset for Actionability (and more),39,1416,8,10,high,15,40,outlines/039_2210.00443.outline.json,pdf/039_2210.00443.pdf,tex_src/039_2210.00443,5938812a35aabe85f8b2a08d0408d70cdab1627ceeb008b93d82e3f76a01eca5
40,2301.06517,2301.06517,The Landscape of User-centered Misinformation Interventions -- A Systematic Literature Review,40,1495,8,10,high,18,218,outlines/040_2301.06517.outline.json,pdf/040_2301.06517.pdf,tex_src/040_2301.06517,5938812a35aabe85f8b2a08d0408d70cdab1627ceeb008b93d82e3f76a01eca5
41,2302.01018,2302.01018,"Graph Neural Networks for temporal graphs: State of the art, open challenges, and opportunities",41,1508,8,10,high,24,136,outlines/041_2302.01018.outline.json,pdf/041_2302.01018.pdf,tex_src/041_2302.01018,5938812a35aabe85f8b2a08d0408d70cdab1627ceeb008b93d82e3f76a01eca5
42,2304.01829,2304.01829,A Survey on Vertical Federated Learning: From a Layered Perspective,42,1574,8,10,high,57,319,outlines/042_2304.01829.outline.json,pdf/042_2304.01829.pdf,tex_src/042_2304.01829,5938812a35aabe85f8b2a08d0408d70cdab1627ceeb008b93d82e3f76a01eca5
43,2304.08130,2304.08130,A Survey on Few-Shot Class-Incremental Learning,43,1586,8,10,high,49,197,outlines/043_2304.08130.outline.json,pdf/043_2304.08130.pdf,tex_src/043_2304.08130,5938812a35aabe85f8b2a08d0408d70cdab1627ceeb008b93d82e3f76a01eca5
44,2304.11949,2304.11949,Geometric Relational Embeddings: A Survey,44,1596,8,10,high,13,99,outlines/044_2304.11949.outline.json,pdf/044_2304.11949.pdf,tex_src/044_2304.11949,5938812a35aabe85f8b2a08d0408d70cdab1627ceeb008b93d82e3f76a01eca5
45,2304.13267,2304.13267,Bayesian Federated Learning: A Survey,45,1598,8,10,high,21,76,outlines/045_2304.13267.outline.json,pdf/045_2304.13267.pdf,tex_src/045_2304.13267,5938812a35aabe85f8b2a08d0408d70cdab1627ceeb008b93d82e3f76a01eca5
46,2305.11881,2305.11881,Self-Supervised Learning for Point Clouds Data: A Survey,46,1631,8,10,high,44,226,outlines/046_2305.11881.outline.json,pdf/046_2305.11881.pdf,tex_src/046_2305.11881,5938812a35aabe85f8b2a08d0408d70cdab1627ceeb008b93d82e3f76a01eca5
47,2307.03929,2307.03929,Fairness-Aware Graph Neural Networks: A Survey,47,1693,8,10,high,26,134,outlines/047_2307.03929.outline.json,pdf/047_2307.03929.pdf,tex_src/047_2307.03929,5938812a35aabe85f8b2a08d0408d70cdab1627ceeb008b93d82e3f76a01eca5
48,2308.04522,2308.04522,"Deep Learning for Steganalysis of Diverse Data Types: A review of methods, taxonomy, challenges and future directions",48,1730,8,10,high,46,356,outlines/048_2308.04522.outline.json,pdf/048_2308.04522.pdf,tex_src/048_2308.04522,5938812a35aabe85f8b2a08d0408d70cdab1627ceeb008b93d82e3f76a01eca5
49,2308.14016,2308.14016,MITRE ATT&CK: State of the Art and Way Forward,49,1748,8,10,high,72,91,outlines/049_2308.14016.outline.json,pdf/049_2308.14016.pdf,tex_src/049_2308.14016,5938812a35aabe85f8b2a08d0408d70cdab1627ceeb008b93d82e3f76a01eca5
50,2309.06055,2309.06055,Backdoor Attacks and Countermeasures in Natural Language Processing Models: A Comprehensive Security Review,50,1766,8,10,high,61,235,outlines/050_2309.06055.outline.json,pdf/050_2309.06055.pdf,tex_src/050_2309.06055,5938812a35aabe85f8b2a08d0408d70cdab1627ceeb008b93d82e3f76a01eca5
51,2401.03717,2401.03717,Universal Time-Series Representation Learning: A Survey,51,1906,8,10,high,74,294,outlines/051_2401.03717.outline.json,pdf/051_2401.03717.pdf,tex_src/051_2401.03717,5938812a35aabe85f8b2a08d0408d70cdab1627ceeb008b93d82e3f76a01eca5
52,2402.00896,2402.00896,Privacy and Security Implications of Cloud-Based AI Services : A Survey,52,1943,8,10,high,25,82,outlines/052_2402.00896.outline.json,pdf/052_2402.00896.pdf,tex_src/052_2402.00896,5938812a35aabe85f8b2a08d0408d70cdab1627ceeb008b93d82e3f76a01eca5
53,2402.01801,2402.01801,Large Language Models for Time Series: A Survey,53,1951,8,10,high,17,117,outlines/053_2402.01801.outline.json,pdf/053_2402.01801.pdf,tex_src/053_2402.01801,5938812a35aabe85f8b2a08d0408d70cdab1627ceeb008b93d82e3f76a01eca5
54,2412.11939,2412.11939,SEAGraph: Unveiling the Whole Story of Paper Review Comments,54,2006,8,10,high,16,45,outlines/054_2412.11939.outline.json,pdf/054_2412.11939.pdf,tex_src/054_2412.11939,5938812a35aabe85f8b2a08d0408d70cdab1627ceeb008b93d82e3f76a01eca5
55,2502.08869,2502.08869,Harnessing Vision Models for Time Series Analysis: A Survey,55,2056,8,10,high,19,80,outlines/055_2502.08869.outline.json,pdf/055_2502.08869.pdf,tex_src/055_2502.08869,5938812a35aabe85f8b2a08d0408d70cdab1627ceeb008b93d82e3f76a01eca5
56,2504.01491,2504.01491,How to Define the Quality of Data? A Feature-Based Literature Survey,56,2157,8,10,high,25,63,outlines/056_2504.01491.outline.json,pdf/056_2504.01491.pdf,tex_src/056_2504.01491,5938812a35aabe85f8b2a08d0408d70cdab1627ceeb008b93d82e3f76a01eca5
57,1906.01529,1906.01529,Generative Adversarial Networks in Computer Vision: A Survey and Taxonomy,57,685,8,10,high,44,174,outlines/057_1906.01529.outline.json,pdf/057_1906.01529.pdf,tex_src/057_1906.01529,5938812a35aabe85f8b2a08d0408d70cdab1627ceeb008b93d82e3f76a01eca5
58,2005.10460,2005.10460,"Application Management in Fog Computing Environments: A Taxonomy, Review and Future Directions",58,774,8,10,high,92,209,outlines/058_2005.10460.outline.json,pdf/058_2005.10460.pdf,tex_src/058_2005.10460,5938812a35aabe85f8b2a08d0408d70cdab1627ceeb008b93d82e3f76a01eca5
59,2202.06862,2202.06862,Threats to Pre-trained Language Models: Survey and Taxonomy,59,1180,8,10,high,13,63,outlines/059_2202.06862.outline.json,pdf/059_2202.06862.pdf,tex_src/059_2202.06862,5938812a35aabe85f8b2a08d0408d70cdab1627ceeb008b93d82e3f76a01eca5
60,2202.07893,2202.07893,"A Survey of Pretraining on Graphs: Taxonomy, Methods, and Applications",60,1190,8,10,high,29,89,outlines/060_2202.07893.outline.json,pdf/060_2202.07893.pdf,tex_src/060_2202.07893,5938812a35aabe85f8b2a08d0408d70cdab1627ceeb008b93d82e3f76a01eca5
61,2204.03719,2204.03719,"A survey on learning from imbalanced data streams: taxonomy, challenges, empirical study, and reproducible experimental framework",61,1257,8,10,high,37,169,outlines/061_2204.03719.outline.json,pdf/061_2204.03719.pdf,tex_src/061_2204.03719,5938812a35aabe85f8b2a08d0408d70cdab1627ceeb008b93d82e3f76a01eca5
62,2412.17759,2412.17759,"Survey of Large Multimodal Model Datasets, Application Categories and Taxonomy",62,2026,8,10,high,35,137,outlines/062_2412.17759.outline.json,pdf/062_2412.17759.pdf,tex_src/062_2412.17759,5938812a35aabe85f8b2a08d0408d70cdab1627ceeb008b93d82e3f76a01eca5
63,2502.11070,2502.11070,"A Survey on Vulnerability Prioritization: Taxonomy, Metrics, and Research Challenges",63,2066,8,10,high,42,156,outlines/063_2502.11070.outline.json,pdf/063_2502.11070.pdf,tex_src/063_2502.11070,5938812a35aabe85f8b2a08d0408d70cdab1627ceeb008b93d82e3f76a01eca5
64,1703.06118,1703.06118,A Review on Flight Delay Prediction,64,666,8,9,high,19,134,outlines/064_1703.06118.outline.json,pdf/064_1703.06118.pdf,tex_src/064_1703.06118,5938812a35aabe85f8b2a08d0408d70cdab1627ceeb008b93d82e3f76a01eca5
65,1904.05046,1904.05046,Generalizing from a Few Examples: A Survey on Few-Shot Learning,65,681,8,9,high,50,200,outlines/065_1904.05046.outline.json,pdf/065_1904.05046.pdf,tex_src/065_1904.05046,5938812a35aabe85f8b2a08d0408d70cdab1627ceeb008b93d82e3f76a01eca5
66,2003.00395,2003.00395,"Authentication, Access Control, Privacy, Threats and Trust Management Towards Securing Fog Computing Environments: A Review",66,731,8,9,high,48,179,outlines/066_2003.00395.outline.json,pdf/066_2003.00395.pdf,tex_src/066_2003.00395,5938812a35aabe85f8b2a08d0408d70cdab1627ceeb008b93d82e3f76a01eca5
67,2004.05993,2004.05993,A Survey of Single-Scene Video Anomaly Detection,67,751,8,9,high,40,151,outlines/067_2004.05993.outline.json,pdf/067_2004.05993.pdf,tex_src/067_2004.05993,5938812a35aabe85f8b2a08d0408d70cdab1627ceeb008b93d82e3f76a01eca5
68,2004.11588,2004.11588,Learning Hierarchical Review Graph Representations for Recommendation,68,758,8,9,high,25,75,outlines/068_2004.11588.outline.json,pdf/068_2004.11588.pdf,tex_src/068_2004.11588,5938812a35aabe85f8b2a08d0408d70cdab1627ceeb008b93d82e3f76a01eca5
69,2006.00093,2006.00093,Explainable Artificial Intelligence: a Systematic Review,69,778,8,9,high,32,446,outlines/069_2006.00093.outline.json,pdf/069_2006.00093.pdf,tex_src/069_2006.00093,5938812a35aabe85f8b2a08d0408d70cdab1627ceeb008b93d82e3f76a01eca5
70,2008.09632,2008.09632,A Survey of Visual Analytics Techniques for Machine Learning,70,791,8,9,high,40,324,outlines/070_2008.09632.outline.json,pdf/070_2008.09632.pdf,tex_src/070_2008.09632,5938812a35aabe85f8b2a08d0408d70cdab1627ceeb008b93d82e3f76a01eca5
71,2009.12153,2009.12153,A Systematic Review on Model Watermarking for Neural Networks,71,812,8,9,high,36,84,outlines/071_2009.12153.outline.json,pdf/071_2009.12153.pdf,tex_src/071_2009.12153,5938812a35aabe85f8b2a08d0408d70cdab1627ceeb008b93d82e3f76a01eca5
72,2010.12742,2010.12742,Text Style Transfer: A Review and Experimental Evaluation,72,835,8,9,high,50,190,outlines/072_2010.12742.outline.json,pdf/072_2010.12742.pdf,tex_src/072_2010.12742,5938812a35aabe85f8b2a08d0408d70cdab1627ceeb008b93d82e3f76a01eca5
73,2011.04406,2011.04406,"A Survey of Label-noise Representation Learning: Past, Present and Future",73,849,8,9,high,58,158,outlines/073_2011.04406.outline.json,pdf/073_2011.04406.pdf,tex_src/073_2011.04406,5938812a35aabe85f8b2a08d0408d70cdab1627ceeb008b93d82e3f76a01eca5
74,2102.01330,2102.01330,AI4VIS: Survey on Artificial Intelligence Approaches for Data Visualization,74,912,8,9,high,18,183,outlines/074_2102.01330.outline.json,pdf/074_2102.01330.pdf,tex_src/074_2102.01330,5938812a35aabe85f8b2a08d0408d70cdab1627ceeb008b93d82e3f76a01eca5
75,2102.13076,2102.13076,Benchmarking and Survey of Explanation Methods for Black Box Models,75,932,8,9,high,33,154,outlines/075_2102.13076.outline.json,pdf/075_2102.13076.pdf,tex_src/075_2102.13076,5938812a35aabe85f8b2a08d0408d70cdab1627ceeb008b93d82e3f76a01eca5
76,2103.08777,2103.08777,A Systematic Literature Review and Taxonomy of Modern Code Review,76,944,8,9,high,54,167,outlines/076_2103.08777.outline.json,pdf/076_2103.08777.pdf,tex_src/076_2103.08777,5938812a35aabe85f8b2a08d0408d70cdab1627ceeb008b93d82e3f76a01eca5
77,2105.07190,2105.07190,A Comprehensive Taxonomy for Explainable Artificial Intelligence: A Systematic Survey of Surveys on Methods and Concepts,77,990,8,9,high,28,199,outlines/077_2105.07190.outline.json,pdf/077_2105.07190.pdf,tex_src/077_2105.07190,5938812a35aabe85f8b2a08d0408d70cdab1627ceeb008b93d82e3f76a01eca5
78,2109.03540,2109.03540,A Survey of Deep Reinforcement Learning in Recommender Systems: A Systematic Review and Future Directions,78,1062,8,9,high,29,156,outlines/078_2109.03540.outline.json,pdf/078_2109.03540.pdf,tex_src/078_2109.03540,5938812a35aabe85f8b2a08d0408d70cdab1627ceeb008b93d82e3f76a01eca5
79,2110.00773,2110.00773,Emerging Trends of Recently Published Datasets for Intrusion Detection Systems (IDS): A Survey,79,1083,8,9,high,19,34,outlines/079_2110.00773.outline.json,pdf/079_2110.00773.pdf,tex_src/079_2110.00773,5938812a35aabe85f8b2a08d0408d70cdab1627ceeb008b93d82e3f76a01eca5
80,2110.08455,2110.08455,Knowledge Enhanced Pretrained Language Models: A Compreshensive Survey,80,1094,8,9,high,36,124,outlines/080_2110.08455.outline.json,pdf/080_2110.08455.pdf,tex_src/080_2110.08455,5938812a35aabe85f8b2a08d0408d70cdab1627ceeb008b93d82e3f76a01eca5
81,2111.00201,2111.00201,A Comparative Review of Recent Few-Shot Object Detection Algorithms,81,1103,8,9,high,29,213,outlines/081_2111.00201.outline.json,pdf/081_2111.00201.pdf,tex_src/081_2111.00201,5938812a35aabe85f8b2a08d0408d70cdab1627ceeb008b93d82e3f76a01eca5
82,2111.00358,2111.00358,A Survey on the Robustness of Feature Importance and Counterfactual Explanations,82,1104,8,9,high,7,279,outlines/082_2111.00358.outline.json,pdf/082_2111.00358.pdf,tex_src/082_2111.00358,5938812a35aabe85f8b2a08d0408d70cdab1627ceeb008b93d82e3f76a01eca5
83,2202.08871,2202.08871,Graph Data Augmentation for Graph Machine Learning: A Survey,83,1196,8,9,high,29,170,outlines/083_2202.08871.outline.json,pdf/083_2202.08871.pdf,tex_src/083_2202.08871,5938812a35aabe85f8b2a08d0408d70cdab1627ceeb008b93d82e3f76a01eca5
84,2203.00538,2203.00538,Capability-based Frameworks for Industrial Robot Skills: a Survey,84,1217,8,9,high,27,254,outlines/084_2203.00538.outline.json,pdf/084_2203.00538.pdf,tex_src/084_2203.00538,5938812a35aabe85f8b2a08d0408d70cdab1627ceeb008b93d82e3f76a01eca5
85,2203.06414,2203.06414,A Survey of Adversarial Defences and Robustness in NLP,85,1226,8,9,high,29,188,outlines/085_2203.06414.outline.json,pdf/085_2203.06414.pdf,tex_src/085_2203.06414,5938812a35aabe85f8b2a08d0408d70cdab1627ceeb008b93d82e3f76a01eca5
86,2204.08329,2204.08329,A Comprehensive Survey on Data-Efficient GANs in Image Generation,86,1265,8,9,high,21,76,outlines/086_2204.08329.outline.json,pdf/086_2204.08329.pdf,tex_src/086_2204.08329,5938812a35aabe85f8b2a08d0408d70cdab1627ceeb008b93d82e3f76a01eca5
87,2205.01491,2205.01491,A Comprehensive Survey of Image Augmentation Techniques for Deep Learning,87,1288,8,9,high,24,174,outlines/087_2205.01491.outline.json,pdf/087_2205.01491.pdf,tex_src/087_2205.01491,5938812a35aabe85f8b2a08d0408d70cdab1627ceeb008b93d82e3f76a01eca5
88,2205.02071,2205.02071,"ANUBIS: Skeleton Action Recognition Dataset, Review, and Benchmark",88,1291,8,9,high,27,241,outlines/088_2205.02071.outline.json,pdf/088_2205.02071.pdf,tex_src/088_2205.02071,5938812a35aabe85f8b2a08d0408d70cdab1627ceeb008b93d82e3f76a01eca5
89,2206.06544,2206.06544,A Survey of Automated Data Augmentation Algorithms for Deep Learning-based Image Classification Tasks,89,1325,8,9,high,55,138,outlines/089_2206.06544.outline.json,pdf/089_2206.06544.pdf,tex_src/089_2206.06544,5938812a35aabe85f8b2a08d0408d70cdab1627ceeb008b93d82e3f76a01eca5
90,2206.08451,2206.08451,I Know What You Trained Last Summer: A Survey on Stealing Machine Learning Models and Defences,90,1327,8,9,high,46,169,outlines/090_2206.08451.outline.json,pdf/090_2206.08451.pdf,tex_src/090_2206.08451,5938812a35aabe85f8b2a08d0408d70cdab1627ceeb008b93d82e3f76a01eca5
91,2206.09514,2206.09514,Ethics in AI through the Practitioner's View: A Grounded Theory Literature Review,91,1330,8,9,high,49,86,outlines/091_2206.09514.outline.json,pdf/091_2206.09514.pdf,tex_src/091_2206.09514,5938812a35aabe85f8b2a08d0408d70cdab1627ceeb008b93d82e3f76a01eca5
92,2208.01712,2208.01712,"No Pattern, No Recognition: a Survey about Reproducibility and Distortion Issues of Text Clustering and Topic Modeling",92,1367,8,9,high,26,263,outlines/092_2208.01712.outline.json,pdf/092_2208.01712.pdf,tex_src/092_2208.01712,5938812a35aabe85f8b2a08d0408d70cdab1627ceeb008b93d82e3f76a01eca5
93,2209.07175,2209.07175,Literature Review of the Recent Trends and Applications in various Fuzzy Rule based systems,93,1402,8,9,high,15,179,outlines/093_2209.07175.outline.json,pdf/093_2209.07175.pdf,tex_src/093_2209.07175,5938812a35aabe85f8b2a08d0408d70cdab1627ceeb008b93d82e3f76a01eca5
94,2210.08765,2210.08765,"Temporal Link Prediction: A Unified Framework, Taxonomy, and Review",94,1421,8,9,high,35,126,outlines/094_2210.08765.outline.json,pdf/094_2210.08765.pdf,tex_src/094_2210.08765,5938812a35aabe85f8b2a08d0408d70cdab1627ceeb008b93d82e3f76a01eca5
95,2212.06272,2212.06272,"Lightweight Blockchain Solutions: Taxonomy, Research Progress, and Comprehensive Review",95,1462,8,9,high,30,127,outlines/095_2212.06272.outline.json,pdf/095_2212.06272.pdf,tex_src/095_2212.06272,5938812a35aabe85f8b2a08d0408d70cdab1627ceeb008b93d82e3f76a01eca5
96,2301.04655,2301.04655,ChatGPT is not all you need. A State of the Art Review of large Generative AI models,96,1488,8,9,high,34,34,outlines/096_2301.04655.outline.json,pdf/096_2301.04655.pdf,tex_src/096_2301.04655,5938812a35aabe85f8b2a08d0408d70cdab1627ceeb008b93d82e3f76a01eca5
97,2301.07014,2301.07014,Dataset Distillation: A Comprehensive Review,97,1497,8,9,high,42,177,outlines/097_2301.07014.outline.json,pdf/097_2301.07014.pdf,tex_src/097_2301.07014,5938812a35aabe85f8b2a08d0408d70cdab1627ceeb008b93d82e3f76a01eca5
98,2302.13876,2302.13876,Evolution of MAC Protocols in the Machine Learning Decade: A Comprehensive Survey,98,1537,8,9,high,31,107,outlines/098_2302.13876.outline.json,pdf/098_2302.13876.pdf,tex_src/098_2302.13876,5938812a35aabe85f8b2a08d0408d70cdab1627ceeb008b93d82e3f76a01eca5
99,2303.00265,2303.00265,Security of RPL Based 6LoWPAN Networks in the Internet of Things: A Review,99,1538,8,9,high,53,217,outlines/099_2303.00265.outline.json,pdf/099_2303.00265.pdf,tex_src/099_2303.00265,5938812a35aabe85f8b2a08d0408d70cdab1627ceeb008b93d82e3f76a01eca5
100,2303.09253,2303.09253,A Survey of Deep Visual Cross-Domain Few-Shot Learning,100,1557,8,9,high,38,135,outlines/100_2303.09253.outline.json,pdf/100_2303.09253.pdf,tex_src/100_2303.09253,5938812a35aabe85f8b2a08d0408d70cdab1627ceeb008b93d82e3f76a01eca5
101,2305.00264,2305.00264,"A Comprehensive Review of Image Line Segment Detection and Description: Taxonomies, Comparisons, and Challenges",101,1602,8,9,high,56,251,outlines/101_2305.00264.outline.json,pdf/101_2305.00264.pdf,tex_src/101_2305.00264,5938812a35aabe85f8b2a08d0408d70cdab1627ceeb008b93d82e3f76a01eca5
102,2305.05750,2305.05750,A Systematic Literature Review on Hardware Reliability Assessment Methods for Deep Neural Networks,102,1617,8,9,high,22,201,outlines/102_2305.05750.outline.json,pdf/102_2305.05750.pdf,tex_src/102_2305.05750,5938812a35aabe85f8b2a08d0408d70cdab1627ceeb008b93d82e3f76a01eca5
103,2306.10051,2306.10051,TOBY: A Tool for Exploring Data in Academic Survey Papers,103,1668,8,9,high,13,29,outlines/103_2306.10051.outline.json,pdf/103_2306.10051.pdf,tex_src/103_2306.10051,5938812a35aabe85f8b2a08d0408d70cdab1627ceeb008b93d82e3f76a01eca5
104,2307.04367,2307.04367,Explanation Needs in App Reviews: Taxonomy and Automated Detection,104,1696,8,9,high,18,57,outlines/104_2307.04367.outline.json,pdf/104_2307.04367.pdf,tex_src/104_2307.04367,5938812a35aabe85f8b2a08d0408d70cdab1627ceeb008b93d82e3f76a01eca5
105,2307.05988,2307.05988,A Comprehensive Review of Automated Data Annotation Techniques in Human Activity Recognition,105,1700,8,9,high,21,79,outlines/105_2307.05988.outline.json,pdf/105_2307.05988.pdf,tex_src/105_2307.05988,5938812a35aabe85f8b2a08d0408d70cdab1627ceeb008b93d82e3f76a01eca5
106,2307.07573,2307.07573,Literature Survey on the Container Stowage Planning Problem,106,468,8,9,high,20,232,outlines/106_2307.07573.outline.json,pdf/106_2307.07573.pdf,tex_src/106_2307.07573,5938812a35aabe85f8b2a08d0408d70cdab1627ceeb008b93d82e3f76a01eca5
107,2307.08823,2307.08823,Risk assessment at AGI companies: A review of popular risk assessment techniques from other safety-critical industries,107,1708,8,9,high,18,208,outlines/107_2307.08823.outline.json,pdf/107_2307.08823.pdf,tex_src/107_2307.08823,5938812a35aabe85f8b2a08d0408d70cdab1627ceeb008b93d82e3f76a01eca5
108,2308.11455,2308.11455,A Survey on Self-Supervised Representation Learning,108,1742,8,9,high,18,85,outlines/108_2308.11455.outline.json,pdf/108_2308.11455.pdf,tex_src/108_2308.11455,5938812a35aabe85f8b2a08d0408d70cdab1627ceeb008b93d82e3f76a01eca5
109,2308.13420,2308.13420,Reinforcement Learning-assisted Evolutionary Algorithm: A Survey and Research Opportunities,109,1745,8,9,high,33,174,outlines/109_2308.13420.outline.json,pdf/109_2308.13420.pdf,tex_src/109_2308.13420,5938812a35aabe85f8b2a08d0408d70cdab1627ceeb008b93d82e3f76a01eca5
110,2309.06751,2309.06751,Remote Sensing Object Detection Meets Deep Learning: A Meta-review of Challenges and Advances,110,1767,8,9,high,50,360,outlines/110_2309.06751.outline.json,pdf/110_2309.06751.pdf,tex_src/110_2309.06751,5938812a35aabe85f8b2a08d0408d70cdab1627ceeb008b93d82e3f76a01eca5
111,2309.09937,2309.09937,TransientViT: A novel CNN - Vision Transformer hybrid real/bogus transient classifier for the Kilodegree Automatic Transient Survey,111,487,8,9,high,23,44,outlines/111_2309.09937.outline.json,pdf/111_2309.09937.pdf,tex_src/111_2309.09937,5938812a35aabe85f8b2a08d0408d70cdab1627ceeb008b93d82e3f76a01eca5
112,2310.01424,2310.01424,Identifying and Mitigating Privacy Risks Stemming from Language Models: A Survey,112,1789,8,9,high,22,232,outlines/112_2310.01424.outline.json,pdf/112_2310.01424.pdf,tex_src/112_2310.01424,5938812a35aabe85f8b2a08d0408d70cdab1627ceeb008b93d82e3f76a01eca5
113,2310.10060,2310.10060,Data Augmentation for Time-Series Classification: An Extensive Empirical Study and Comprehensive Survey,113,1807,8,9,high,51,207,outlines/113_2310.10060.outline.json,pdf/113_2310.10060.pdf,tex_src/113_2310.10060,5938812a35aabe85f8b2a08d0408d70cdab1627ceeb008b93d82e3f76a01eca5
114,2310.19778,2310.19778,Human-AI collaboration is not very collaborative yet: A taxonomy of interaction patterns in AI-assisted decision making from a systematic review,114,1827,8,9,high,21,180,outlines/114_2310.19778.outline.json,pdf/114_2310.19778.pdf,tex_src/114_2310.19778,5938812a35aabe85f8b2a08d0408d70cdab1627ceeb008b93d82e3f76a01eca5
115,2311.12399,2311.12399,A Survey of Graph Meets Large Language Model: Progress and Future Directions,115,1850,8,9,high,21,112,outlines/115_2311.12399.outline.json,pdf/115_2311.12399.pdf,tex_src/115_2311.12399,5938812a35aabe85f8b2a08d0408d70cdab1627ceeb008b93d82e3f76a01eca5
116,2311.16534,2311.16534,Graph Prompt Learning: A Comprehensive Survey and Beyond,116,1860,8,9,high,31,175,outlines/116_2311.16534.outline.json,pdf/116_2311.16534.pdf,tex_src/116_2311.16534,5938812a35aabe85f8b2a08d0408d70cdab1627ceeb008b93d82e3f76a01eca5
117,2402.03082,2402.03082,Visual Text Meets Low-level Vision: A Comprehensive Survey on Visual Text Processing,117,1960,8,9,high,58,255,outlines/117_2402.03082.outline.json,pdf/117_2402.03082.pdf,tex_src/117_2402.03082,5938812a35aabe85f8b2a08d0408d70cdab1627ceeb008b93d82e3f76a01eca5
118,2402.06647,2402.06647,A Survey on Large Language Model Hallucination via a Creativity Perspective,118,1969,8,9,high,16,67,outlines/118_2402.06647.outline.json,pdf/118_2402.06647.pdf,tex_src/118_2402.06647,5938812a35aabe85f8b2a08d0408d70cdab1627ceeb008b93d82e3f76a01eca5
119,2412.12744,2412.12744,Your Next State-of-the-Art Could Come from Another Domain: A Cross-Domain Analysis of Hierarchical Text Classification,119,2008,8,9,high,27,59,outlines/119_2412.12744.outline.json,pdf/119_2412.12744.pdf,tex_src/119_2412.12744,5938812a35aabe85f8b2a08d0408d70cdab1627ceeb008b93d82e3f76a01eca5
120,2412.15228,2412.15228,Image Privacy Protection: A Survey,120,2015,8,9,high,55,145,outlines/120_2412.15228.outline.json,pdf/120_2412.15228.pdf,tex_src/120_2412.15228,5938812a35aabe85f8b2a08d0408d70cdab1627ceeb008b93d82e3f76a01eca5
121,2501.10548,2501.10548,Diffusion Models in Recommendation Systems: A Survey,121,2041,8,9,high,18,184,outlines/121_2501.10548.outline.json,pdf/121_2501.10548.pdf,tex_src/121_2501.10548,5938812a35aabe85f8b2a08d0408d70cdab1627ceeb008b93d82e3f76a01eca5
122,2502.07161,2502.07161,A Survey on Mamba Architecture for Vision Applications,122,2049,8,9,high,19,98,outlines/122_2502.07161.outline.json,pdf/122_2502.07161.pdf,tex_src/122_2502.07161,5938812a35aabe85f8b2a08d0408d70cdab1627ceeb008b93d82e3f76a01eca5
123,2502.08346,2502.08346,Graph Foundation Models for Recommendation: A Comprehensive Survey,123,2052,8,9,high,19,65,outlines/123_2502.08346.outline.json,pdf/123_2502.08346.pdf,tex_src/123_2502.08346,5938812a35aabe85f8b2a08d0408d70cdab1627ceeb008b93d82e3f76a01eca5
124,2502.08660,2502.08660,Semantic Role Labeling: A Systematical Survey,124,2054,8,9,high,31,176,outlines/124_2502.08660.outline.json,pdf/124_2502.08660.pdf,tex_src/124_2502.08660,5938812a35aabe85f8b2a08d0408d70cdab1627ceeb008b93d82e3f76a01eca5
125,2502.11453,2502.11453,Connector-S: A Survey of Connectors in Multi-modal Large Language Models,125,2068,8,9,high,17,67,outlines/125_2502.11453.outline.json,pdf/125_2502.11453.pdf,tex_src/125_2502.11453,5938812a35aabe85f8b2a08d0408d70cdab1627ceeb008b93d82e3f76a01eca5
126,2503.00952,2503.00952,"A Survey on Ordinal Regression: Applications, Advances and Prospects",126,2102,8,9,high,21,52,outlines/126_2503.00952.outline.json,pdf/126_2503.00952.pdf,tex_src/126_2503.00952,5938812a35aabe85f8b2a08d0408d70cdab1627ceeb008b93d82e3f76a01eca5
127,2503.08998,2503.08998,From Task-Specific Models to Unified Systems: A Review of Model Merging Approaches,127,2120,8,9,high,15,80,outlines/127_2503.08998.outline.json,pdf/127_2503.08998.pdf,tex_src/127_2503.08998,5938812a35aabe85f8b2a08d0408d70cdab1627ceeb008b93d82e3f76a01eca5
128,2307.13427,2307.13427,Comprehensive Review on Semantic Information Retrieval and Ontology Engineering,128,1715,7,9,high,17,31,outlines/128_2307.13427.outline.json,pdf/128_2307.13427.pdf,tex_src/128_2307.13427,5938812a35aabe85f8b2a08d0408d70cdab1627ceeb008b93d82e3f76a01eca5
129,1908.03171,1908.03171,Completing and Debugging Ontologies: state of the art and challenges,129,687,7,9,high,25,110,outlines/129_1908.03171.outline.json,pdf/129_1908.03171.pdf,tex_src/129_1908.03171,5938812a35aabe85f8b2a08d0408d70cdab1627ceeb008b93d82e3f76a01eca5
130,2205.02987,2205.02987,Tell Me Something That Will Help Me Trust You: A Survey of Trust Calibration in Human-Agent Interaction,130,1292,7,9,high,29,57,outlines/130_2205.02987.outline.json,pdf/130_2205.02987.pdf,tex_src/130_2205.02987,5938812a35aabe85f8b2a08d0408d70cdab1627ceeb008b93d82e3f76a01eca5
131,2206.00421,2206.00421,The Use of NLP-Based Text Representation Techniques to Support Requirement Engineering Tasks: A Systematic Mapping Review,131,1314,7,9,high,39,212,outlines/131_2206.00421.outline.json,pdf/131_2206.00421.pdf,tex_src/131_2206.00421,5938812a35aabe85f8b2a08d0408d70cdab1627ceeb008b93d82e3f76a01eca5
132,2305.01975,2305.01975,"A Survey on Dataset Distillation: Approaches, Applications and Future Directions",132,1608,7,9,high,34,112,outlines/132_2305.01975.outline.json,pdf/132_2305.01975.pdf,tex_src/132_2305.01975,5938812a35aabe85f8b2a08d0408d70cdab1627ceeb008b93d82e3f76a01eca5
133,2106.03323,2106.03323,A Comprehensive Survey and Taxonomy on Single Image Dehazing Based on Deep Learning,133,1011,7,9,high,50,321,outlines/133_2106.03323.outline.json,pdf/133_2106.03323.pdf,tex_src/133_2106.03323,5938812a35aabe85f8b2a08d0408d70cdab1627ceeb008b93d82e3f76a01eca5
134,2207.12599,2207.12599,A Survey of Explainable Graph Neural Networks: Taxonomy and Evaluation Metrics,134,1359,7,9,high,16,134,outlines/134_2207.12599.outline.json,pdf/134_2207.12599.pdf,tex_src/134_2207.12599,5938812a35aabe85f8b2a08d0408d70cdab1627ceeb008b93d82e3f76a01eca5
135,2308.02457,2308.02457,"A Survey on Temporal Knowledge Graph Completion: Taxonomy, Progress, and Prospects",135,1726,7,9,high,44,158,outlines/135_2308.02457.outline.json,pdf/135_2308.02457.pdf,tex_src/135_2308.02457,5938812a35aabe85f8b2a08d0408d70cdab1627ceeb008b93d82e3f76a01eca5
136,1805.10511,1805.10511,A Survey of Utility-Oriented Pattern Mining,136,671,8,8,high,28,187,outlines/136_1805.10511.outline.json,pdf/136_1805.10511.pdf,tex_src/136_1805.10511,5938812a35aabe85f8b2a08d0408d70cdab1627ceeb008b93d82e3f76a01eca5
137,1812.09449,1812.09449,A Survey on Deep Learning for Named Entity Recognition,137,674,8,8,high,40,231,outlines/137_1812.09449.outline.json,pdf/137_1812.09449.pdf,tex_src/137_1812.09449,5938812a35aabe85f8b2a08d0408d70cdab1627ceeb008b93d82e3f76a01eca5
138,1902.10102,1902.10102,A multimodal movie review corpus for fine-grained opinion mining,138,677,8,8,high,13,27,outlines/138_1902.10102.outline.json,pdf/138_1902.10102.pdf,tex_src/138_1902.10102,5938812a35aabe85f8b2a08d0408d70cdab1627ceeb008b93d82e3f76a01eca5
139,1906.06184,1906.06184,A Holistic Survey of Wireless Multipath Video Streaming,139,686,8,8,high,48,281,outlines/139_1906.06184.outline.json,pdf/139_1906.06184.pdf,tex_src/139_1906.06184,5938812a35aabe85f8b2a08d0408d70cdab1627ceeb008b93d82e3f76a01eca5
140,1908.09083,1908.09083,Multi-view Story Characterization from Movie Plot Synopses and Reviews,140,690,8,8,high,13,52,outlines/140_1908.09083.outline.json,pdf/140_1908.09083.pdf,tex_src/140_1908.09083,5938812a35aabe85f8b2a08d0408d70cdab1627ceeb008b93d82e3f76a01eca5
141,1910.08252,1910.08252,Entity Summarization: State of the Art and Future Challenges,141,698,8,8,high,31,94,outlines/141_1910.08252.outline.json,pdf/141_1910.08252.pdf,tex_src/141_1910.08252,5938812a35aabe85f8b2a08d0408d70cdab1627ceeb008b93d82e3f76a01eca5
142,2005.05842,2005.05842,A Survey of Behavior Trees in Robotics and AI,142,769,8,8,high,27,227,outlines/142_2005.05842.outline.json,pdf/142_2005.05842.pdf,tex_src/142_2005.05842,5938812a35aabe85f8b2a08d0408d70cdab1627ceeb008b93d82e3f76a01eca5
143,2008.07235,2008.07235,A Survey of Deep Learning for Data Caching in Edge Network,143,786,8,8,high,27,110,outlines/143_2008.07235.outline.json,pdf/143_2008.07235.pdf,tex_src/143_2008.07235,5938812a35aabe85f8b2a08d0408d70cdab1627ceeb008b93d82e3f76a01eca5
144,2008.13102,2008.13102,Blackmarket-driven Collusion on Online Media: A Survey,144,799,8,8,high,49,196,outlines/144_2008.13102.outline.json,pdf/144_2008.13102.pdf,tex_src/144_2008.13102,5938812a35aabe85f8b2a08d0408d70cdab1627ceeb008b93d82e3f76a01eca5
145,2009.12619,2009.12619,"Sensing Technologies for Crowd Management, Adaptation, and Information Dissemination in Public Transportation Systems: A Review",145,813,8,8,high,39,232,outlines/145_2009.12619.outline.json,pdf/145_2009.12619.pdf,tex_src/145_2009.12619,5938812a35aabe85f8b2a08d0408d70cdab1627ceeb008b93d82e3f76a01eca5
146,2010.00713,2010.00713,Traffic Behavior in Cloud Data Centers: A Survey,146,820,8,8,high,17,207,outlines/146_2010.00713.outline.json,pdf/146_2010.00713.pdf,tex_src/146_2010.00713,5938812a35aabe85f8b2a08d0408d70cdab1627ceeb008b93d82e3f76a01eca5
147,2011.04843,2011.04843,Multi-document Summarization via Deep Learning Techniques: A Survey,147,850,8,8,high,37,215,outlines/147_2011.04843.outline.json,pdf/147_2011.04843.pdf,tex_src/147_2011.04843,5938812a35aabe85f8b2a08d0408d70cdab1627ceeb008b93d82e3f76a01eca5
148,2011.08641,2011.08641,A Review of Generalized Zero-Shot Learning Methods,148,863,8,8,high,38,292,outlines/148_2011.08641.outline.json,pdf/148_2011.08641.pdf,tex_src/148_2011.08641,5938812a35aabe85f8b2a08d0408d70cdab1627ceeb008b93d82e3f76a01eca5
149,2012.09276,2012.09276,Measuring Disentanglement: A Review of Metrics,149,887,8,8,high,35,50,outlines/149_2012.09276.outline.json,pdf/149_2012.09276.pdf,tex_src/149_2012.09276,5938812a35aabe85f8b2a08d0408d70cdab1627ceeb008b93d82e3f76a01eca5
150,2103.09990,2103.09990,Human-AI Symbiosis: A Survey of Current Approaches,150,947,8,8,high,20,55,outlines/150_2103.09990.outline.json,pdf/150_2103.09990.pdf,tex_src/150_2103.09990,5938812a35aabe85f8b2a08d0408d70cdab1627ceeb008b93d82e3f76a01eca5
151,2104.10810,2104.10810,A Short Survey of Pre-trained Language Models for Conversational AI-A NewAge in NLP,151,970,8,8,high,11,22,outlines/151_2104.10810.outline.json,pdf/151_2104.10810.pdf,tex_src/151_2104.10810,5938812a35aabe85f8b2a08d0408d70cdab1627ceeb008b93d82e3f76a01eca5
152,2106.12714,2106.12714,"Circuit Masking: From Theory to Standardization, A Comprehensive Survey for Hardware Security Researchers and Practitioners",152,1021,8,8,high,50,206,outlines/152_2106.12714.outline.json,pdf/152_2106.12714.pdf,tex_src/152_2106.12714,5938812a35aabe85f8b2a08d0408d70cdab1627ceeb008b93d82e3f76a01eca5
153,2108.05624,2108.05624,Operationalizing Human Values in Software Engineering: A Survey,153,1050,8,8,high,47,230,outlines/153_2108.05624.outline.json,pdf/153_2108.05624.pdf,tex_src/153_2108.05624,5938812a35aabe85f8b2a08d0408d70cdab1627ceeb008b93d82e3f76a01eca5
154,2109.08039,2109.08039,A Survey on Temporal Sentence Grounding in Videos,154,1070,8,8,high,21,103,outlines/154_2109.08039.outline.json,pdf/154_2109.08039.pdf,tex_src/154_2109.08039,5938812a35aabe85f8b2a08d0408d70cdab1627ceeb008b93d82e3f76a01eca5
155,2111.01968,2111.01968,A Survey on Epistemic (Model) Uncertainty in Supervised Learning: Recent Advances and Applications,155,1106,8,8,high,17,223,outlines/155_2111.01968.outline.json,pdf/155_2111.01968.pdf,tex_src/155_2111.01968,5938812a35aabe85f8b2a08d0408d70cdab1627ceeb008b93d82e3f76a01eca5
156,2111.11964,2111.11964,Reviewing continual learning from the perspective of human-level intelligence,156,1113,8,8,high,21,181,outlines/156_2111.11964.outline.json,pdf/156_2111.11964.pdf,tex_src/156_2111.11964,5938812a35aabe85f8b2a08d0408d70cdab1627ceeb008b93d82e3f76a01eca5
157,2112.05700,2112.05700,A Framework for Fairness: A Systematic Review of Existing Fair AI Solutions,157,1124,8,8,high,39,116,outlines/157_2112.05700.outline.json,pdf/157_2112.05700.pdf,tex_src/157_2112.05700,5938812a35aabe85f8b2a08d0408d70cdab1627ceeb008b93d82e3f76a01eca5
158,2201.12944,2201.12944,Deep Learning Approaches on Image Captioning: A Review,158,1162,8,8,high,65,168,outlines/158_2201.12944.outline.json,pdf/158_2201.12944.pdf,tex_src/158_2201.12944,5938812a35aabe85f8b2a08d0408d70cdab1627ceeb008b93d82e3f76a01eca5
159,2202.02215,2202.02215,A Survey on Safety-Critical Driving Scenario Generation -- A Methodological Perspective,159,1166,8,8,high,51,226,outlines/159_2202.02215.outline.json,pdf/159_2202.02215.pdf,tex_src/159_2202.02215,5938812a35aabe85f8b2a08d0408d70cdab1627ceeb008b93d82e3f76a01eca5
160,2202.02510,2202.02510,A Survey on Poisoning Attacks Against Supervised Machine Learning,160,1167,8,8,high,14,20,outlines/160_2202.02510.outline.json,pdf/160_2202.02510.pdf,tex_src/160_2202.02510,5938812a35aabe85f8b2a08d0408d70cdab1627ceeb008b93d82e3f76a01eca5
161,2202.09195,2202.09195,A Review on Methods and Applications in Multimodal Deep Learning,161,1200,8,8,high,38,211,outlines/161_2202.09195.outline.json,pdf/161_2202.09195.pdf,tex_src/161_2202.09195,5938812a35aabe85f8b2a08d0408d70cdab1627ceeb008b93d82e3f76a01eca5
162,2203.11070,2203.11070,From Concept Drift to Model Degradation: An Overview on Performance-Aware Drift Detectors,162,1233,8,8,high,18,191,outlines/162_2203.11070.outline.json,pdf/162_2203.11070.pdf,tex_src/162_2203.11070,5938812a35aabe85f8b2a08d0408d70cdab1627ceeb008b93d82e3f76a01eca5
163,2203.11852,2203.11852,Representation Bias in Data: A Survey on Identification and Resolution Techniques,163,1234,8,8,high,35,195,outlines/163_2203.11852.outline.json,pdf/163_2203.11852.pdf,tex_src/163_2203.11852,5938812a35aabe85f8b2a08d0408d70cdab1627ceeb008b93d82e3f76a01eca5
164,2204.02027,2204.02027,A Survey on Dropout Methods and Experimental Verification in Recommendation,164,1247,8,8,high,34,156,outlines/164_2204.02027.outline.json,pdf/164_2204.02027.pdf,tex_src/164_2204.02027,5938812a35aabe85f8b2a08d0408d70cdab1627ceeb008b93d82e3f76a01eca5
165,2205.09428,2205.09428,Which bugs are missed in code reviews: An empirical study on SmartSHARK dataset,165,1300,8,8,high,9,15,outlines/165_2205.09428.outline.json,pdf/165_2205.09428.pdf,tex_src/165_2205.09428,5938812a35aabe85f8b2a08d0408d70cdab1627ceeb008b93d82e3f76a01eca5
166,2206.10465,2206.10465,An Overview of Privacy-enhancing Technologies in Biometric Recognition,166,1331,8,8,high,22,91,outlines/166_2206.10465.outline.json,pdf/166_2206.10465.pdf,tex_src/166_2206.10465,5938812a35aabe85f8b2a08d0408d70cdab1627ceeb008b93d82e3f76a01eca5
167,2206.13818,2206.13818,Minimal Morphoelastic Models of Solid Tumour Spheroids: A Tutorial,167,286,8,8,high,21,75,outlines/167_2206.13818.outline.json,pdf/167_2206.13818.pdf,tex_src/167_2206.13818,5938812a35aabe85f8b2a08d0408d70cdab1627ceeb008b93d82e3f76a01eca5
168,2207.01739,2207.01739,Machine Learning in Access Control: A Taxonomy and Survey,168,1340,8,8,high,49,164,outlines/168_2207.01739.outline.json,pdf/168_2207.01739.pdf,tex_src/168_2207.01739,5938812a35aabe85f8b2a08d0408d70cdab1627ceeb008b93d82e3f76a01eca5
169,2208.10941,2208.10941,A Review of Federated Learning in Energy Systems,169,1385,8,8,high,12,61,outlines/169_2208.10941.outline.json,pdf/169_2208.10941.pdf,tex_src/169_2208.10941,5938812a35aabe85f8b2a08d0408d70cdab1627ceeb008b93d82e3f76a01eca5
170,2210.06679,2210.06679,A Survey on UAV-enabled Edge Computing: Resource Management Perspective,170,1419,8,8,high,57,193,outlines/170_2210.06679.outline.json,pdf/170_2210.06679.pdf,tex_src/170_2210.06679,5938812a35aabe85f8b2a08d0408d70cdab1627ceeb008b93d82e3f76a01eca5
171,2210.09500,2210.09500,A Human-ML Collaboration Framework for Improving Video Content Reviews,171,1423,8,8,high,18,137,outlines/171_2210.09500.outline.json,pdf/171_2210.09500.pdf,tex_src/171_2210.09500,5938812a35aabe85f8b2a08d0408d70cdab1627ceeb008b93d82e3f76a01eca5
172,2211.11548,2211.11548,Survey of Query-based Text Summarization,172,1438,8,8,high,12,40,outlines/172_2211.11548.outline.json,pdf/172_2211.11548.pdf,tex_src/172_2211.11548,5938812a35aabe85f8b2a08d0408d70cdab1627ceeb008b93d82e3f76a01eca5
173,2212.08744,2212.08744,"Toward cross-subject and cross-session generalization in EEG-based emotion recognition: Systematic review, taxonomy, and methods",173,1466,8,8,high,18,372,outlines/173_2212.08744.outline.json,pdf/173_2212.08744.pdf,tex_src/173_2212.08744,5938812a35aabe85f8b2a08d0408d70cdab1627ceeb008b93d82e3f76a01eca5
174,2301.03554,2301.03554,A systematic literature review of capstone courses in software engineering,174,1486,8,8,high,41,218,outlines/174_2301.03554.outline.json,pdf/174_2301.03554.pdf,tex_src/174_2301.03554,5938812a35aabe85f8b2a08d0408d70cdab1627ceeb008b93d82e3f76a01eca5
175,2301.04272,2301.04272,Data Distillation: A Survey,175,1487,8,8,high,10,171,outlines/175_2301.04272.outline.json,pdf/175_2301.04272.pdf,tex_src/175_2301.04272,5938812a35aabe85f8b2a08d0408d70cdab1627ceeb008b93d82e3f76a01eca5
176,2301.12416,2301.12416,Deep Learning for Human Parsing: A Survey,176,1501,8,8,high,21,205,outlines/176_2301.12416.outline.json,pdf/176_2301.12416.pdf,tex_src/176_2301.12416,5938812a35aabe85f8b2a08d0408d70cdab1627ceeb008b93d82e3f76a01eca5
177,2301.13445,2301.13445,A Survey of Explainable AI in Deep Visual Modeling: Methods and Metrics,177,1503,8,8,high,15,91,outlines/177_2301.13445.outline.json,pdf/177_2301.13445.pdf,tex_src/177_2301.13445,5938812a35aabe85f8b2a08d0408d70cdab1627ceeb008b93d82e3f76a01eca5
178,2302.03735,2302.03735,"Pre-train, Prompt and Recommendation: A Comprehensive Survey of Language Modelling Paradigm Adaptations in Recommender Systems",178,1514,8,8,high,14,73,outlines/178_2302.03735.outline.json,pdf/178_2302.03735.pdf,tex_src/178_2302.03735,5938812a35aabe85f8b2a08d0408d70cdab1627ceeb008b93d82e3f76a01eca5
179,2302.08054,2302.08054,Spectral 3D Computer Vision -- A Review,179,1523,8,8,high,24,89,outlines/179_2302.08054.outline.json,pdf/179_2302.08054.pdf,tex_src/179_2302.08054,5938812a35aabe85f8b2a08d0408d70cdab1627ceeb008b93d82e3f76a01eca5
180,2303.05012,2303.05012,Spatio-Temporal Trajectory Similarity Measures: A Comprehensive Survey and Quantitative Study,180,1551,8,8,high,29,132,outlines/180_2303.05012.outline.json,pdf/180_2303.05012.pdf,tex_src/180_2303.05012,5938812a35aabe85f8b2a08d0408d70cdab1627ceeb008b93d82e3f76a01eca5
181,2304.01651,2304.01651,Socio-economic landscape of digital transformation & public NLP systems: A critical review,181,1572,8,8,high,18,70,outlines/181_2304.01651.outline.json,pdf/181_2304.01651.pdf,tex_src/181_2304.01651,5938812a35aabe85f8b2a08d0408d70cdab1627ceeb008b93d82e3f76a01eca5
182,2304.10764,2304.10764,Hyperbolic Geometry in Computer Vision: A Survey,182,1593,8,8,high,7,64,outlines/182_2304.10764.outline.json,pdf/182_2304.10764.pdf,tex_src/182_2304.10764,5938812a35aabe85f8b2a08d0408d70cdab1627ceeb008b93d82e3f76a01eca5
183,2305.06611,2305.06611,Hyperbolic Deep Learning in Computer Vision: A Survey,183,1619,8,8,high,23,136,outlines/183_2305.06611.outline.json,pdf/183_2305.06611.pdf,tex_src/183_2305.06611,5938812a35aabe85f8b2a08d0408d70cdab1627ceeb008b93d82e3f76a01eca5
184,2306.12680,2306.12680,Recent Developments in Recommender Systems: A Survey,184,1676,8,8,high,27,279,outlines/184_2306.12680.outline.json,pdf/184_2306.12680.pdf,tex_src/184_2306.12680,5938812a35aabe85f8b2a08d0408d70cdab1627ceeb008b93d82e3f76a01eca5
185,2308.04603,2308.04603,A Brief Yet In-Depth Survey of Deep Learning-Based Image Watermarking,185,1731,8,8,high,11,69,outlines/185_2308.04603.outline.json,pdf/185_2308.04603.pdf,tex_src/185_2308.04603,5938812a35aabe85f8b2a08d0408d70cdab1627ceeb008b93d82e3f76a01eca5
186,2308.06140,2308.06140,Visual Overviews for Sheet Music Structure,186,1733,8,8,high,9,236,outlines/186_2308.06140.outline.json,pdf/186_2308.06140.pdf,tex_src/186_2308.06140,5938812a35aabe85f8b2a08d0408d70cdab1627ceeb008b93d82e3f76a01eca5
187,2309.01038,2309.01038,Neurosymbolic Reinforcement Learning and Planning: A Survey,187,1755,8,8,high,33,122,outlines/187_2309.01038.outline.json,pdf/187_2309.01038.pdf,tex_src/187_2309.01038,5938812a35aabe85f8b2a08d0408d70cdab1627ceeb008b93d82e3f76a01eca5
188,2310.02095,2310.02095,"A Survey on the Role of Crowds in Combating Online Misinformation: Annotators, Evaluators, and Creators",188,1790,8,8,high,41,120,outlines/188_2310.02095.outline.json,pdf/188_2310.02095.pdf,tex_src/188_2310.02095,5938812a35aabe85f8b2a08d0408d70cdab1627ceeb008b93d82e3f76a01eca5
189,2310.09743,2310.09743,Decoding Modular Reconfigurable Robots: A Survey on Mechanisms and Design,189,1805,8,8,high,39,125,outlines/189_2310.09743.outline.json,pdf/189_2310.09743.pdf,tex_src/189_2310.09743,5938812a35aabe85f8b2a08d0408d70cdab1627ceeb008b93d82e3f76a01eca5
190,2310.15676,2310.15676,Recent Advances in Multi-modal 3D Scene Understanding: A Comprehensive Survey and Evaluation,190,1816,8,8,high,41,281,outlines/190_2310.15676.outline.json,pdf/190_2310.15676.pdf,tex_src/190_2310.15676,5938812a35aabe85f8b2a08d0408d70cdab1627ceeb008b93d82e3f76a01eca5
191,2310.15826,2310.15826,One or Two Things We know about Concept Drift -- A Survey on Monitoring Evolving Environments,191,1817,8,8,high,25,93,outlines/191_2310.15826.outline.json,pdf/191_2310.15826.pdf,tex_src/191_2310.15826,5938812a35aabe85f8b2a08d0408d70cdab1627ceeb008b93d82e3f76a01eca5
192,2311.16346,2311.16346,Small and Dim Target Detection in IR Imagery: A Review,192,1859,8,8,high,30,89,outlines/192_2311.16346.outline.json,pdf/192_2311.16346.pdf,tex_src/192_2311.16346,5938812a35aabe85f8b2a08d0408d70cdab1627ceeb008b93d82e3f76a01eca5
193,2401.11734,2401.11734,Colorectal Polyp Segmentation in the Deep Learning Era: A Comprehensive Survey,193,1928,8,8,high,47,221,outlines/193_2401.11734.outline.json,pdf/193_2401.11734.pdf,tex_src/193_2401.11734,5938812a35aabe85f8b2a08d0408d70cdab1627ceeb008b93d82e3f76a01eca5
194,2402.01105,2402.01105,A Survey for Foundation Models in Autonomous Driving,194,1944,8,8,high,32,78,outlines/194_2402.01105.outline.json,pdf/194_2402.01105.pdf,tex_src/194_2402.01105,5938812a35aabe85f8b2a08d0408d70cdab1627ceeb008b93d82e3f76a01eca5
195,2402.01166,2402.01166,A Comprehensive Survey on 3D Content Generation,195,1945,8,8,high,25,138,outlines/195_2402.01166.outline.json,pdf/195_2402.01166.pdf,tex_src/195_2402.01166,5938812a35aabe85f8b2a08d0408d70cdab1627ceeb008b93d82e3f76a01eca5
196,2402.02000,2402.02000,A Survey on Graph Condensation,196,1953,8,8,high,21,58,outlines/196_2402.02000.outline.json,pdf/196_2402.02000.pdf,tex_src/196_2402.02000,5938812a35aabe85f8b2a08d0408d70cdab1627ceeb008b93d82e3f76a01eca5
197,2402.05355,2402.05355,A Survey on Safe Multi-Modal Learning System,197,1968,8,8,high,49,146,outlines/197_2402.05355.outline.json,pdf/197_2402.05355.pdf,tex_src/197_2402.05355,5938812a35aabe85f8b2a08d0408d70cdab1627ceeb008b93d82e3f76a01eca5
198,2402.09283,2402.09283,"Attacks, Defenses and Evaluations for LLM Conversation Safety: A Survey",198,1978,8,8,high,15,128,outlines/198_2402.09283.outline.json,pdf/198_2402.09283.pdf,tex_src/198_2402.09283,5938812a35aabe85f8b2a08d0408d70cdab1627ceeb008b93d82e3f76a01eca5
199,2402.12001,2402.12001,"A Survey on Extractive Knowledge Graph Summarization: Applications, Approaches, Evaluation, and Future Directions",199,1980,8,8,high,33,53,outlines/199_2402.12001.outline.json,pdf/199_2402.12001.pdf,tex_src/199_2402.12001,5938812a35aabe85f8b2a08d0408d70cdab1627ceeb008b93d82e3f76a01eca5
200,2402.15231,2402.15231,Which Model to Transfer? A Survey on Transferability Estimation,200,1985,8,8,high,29,68,outlines/200_2402.15231.outline.json,pdf/200_2402.15231.pdf,tex_src/200_2402.15231,5938812a35aabe85f8b2a08d0408d70cdab1627ceeb008b93d82e3f76a01eca5
201,2412.05252,2412.05252,From classical techniques to convolution-based models: A review of object detection algorithms,201,1992,8,8,high,20,36,outlines/201_2412.05252.outline.json,pdf/201_2412.05252.pdf,tex_src/201_2412.05252,5938812a35aabe85f8b2a08d0408d70cdab1627ceeb008b93d82e3f76a01eca5
202,2412.14088,2412.14088,Joint Perception and Prediction for Autonomous Driving: A Survey,202,2013,8,8,high,27,98,outlines/202_2412.14088.outline.json,pdf/202_2412.14088.pdf,tex_src/202_2412.14088,5938812a35aabe85f8b2a08d0408d70cdab1627ceeb008b93d82e3f76a01eca5
203,2502.09511,2502.09511,Diffusion Models for Molecules: A Survey of Methods and Tasks,203,2059,8,8,high,18,88,outlines/203_2502.09511.outline.json,pdf/203_2502.09511.pdf,tex_src/203_2502.09511,5938812a35aabe85f8b2a08d0408d70cdab1627ceeb008b93d82e3f76a01eca5
204,2502.11518,2502.11518,Generative Multi-Agent Collaboration in Embodied AI: A Systematic Review,204,2070,8,8,high,16,87,outlines/204_2502.11518.outline.json,pdf/204_2502.11518.pdf,tex_src/204_2502.11518,5938812a35aabe85f8b2a08d0408d70cdab1627ceeb008b93d82e3f76a01eca5
205,2503.09326,2503.09326,A Survey on Enhancing Causal Reasoning Ability of Large Language Models,205,2122,8,8,high,35,100,outlines/205_2503.09326.outline.json,pdf/205_2503.09326.pdf,tex_src/205_2503.09326,5938812a35aabe85f8b2a08d0408d70cdab1627ceeb008b93d82e3f76a01eca5
206,2503.11906,2503.11906,A Survey on SAR ship classification using Deep Learning,206,2127,8,8,high,62,119,outlines/206_2503.11906.outline.json,pdf/206_2503.11906.pdf,tex_src/206_2503.11906,5938812a35aabe85f8b2a08d0408d70cdab1627ceeb008b93d82e3f76a01eca5
207,2503.13299,2503.13299,A Survey on Transformer Context Extension: Approaches and Evaluation,207,2128,8,8,high,36,201,outlines/207_2503.13299.outline.json,pdf/207_2503.13299.pdf,tex_src/207_2503.13299,5938812a35aabe85f8b2a08d0408d70cdab1627ceeb008b93d82e3f76a01eca5
208,2503.13962,2503.13962,Survey of Adversarial Robustness in Multimodal Large Language Models,208,2130,8,8,high,37,75,outlines/208_2503.13962.outline.json,pdf/208_2503.13962.pdf,tex_src/208_2503.13962,5938812a35aabe85f8b2a08d0408d70cdab1627ceeb008b93d82e3f76a01eca5
209,2011.00519,2011.00519,CHIME: Cross-passage Hierarchical Memory Network for Generative Review Question Answering,209,840,7,8,high,10,55,outlines/209_2011.00519.outline.json,pdf/209_2011.00519.pdf,tex_src/209_2011.00519,5938812a35aabe85f8b2a08d0408d70cdab1627ceeb008b93d82e3f76a01eca5
210,2110.14245,2110.14245,Capturing Dynamics of Information Diffusion in SNS: A Survey of Methodology and Techniques,210,1100,7,8,high,41,390,outlines/210_2110.14245.outline.json,pdf/210_2110.14245.pdf,tex_src/210_2110.14245,5938812a35aabe85f8b2a08d0408d70cdab1627ceeb008b93d82e3f76a01eca5
211,2201.09651,2201.09651,Artefact Retrieval: Overview of NLP Models with Knowledge Base Access,211,1153,7,8,high,12,92,outlines/211_2201.09651.outline.json,pdf/211_2201.09651.pdf,tex_src/211_2201.09651,5938812a35aabe85f8b2a08d0408d70cdab1627ceeb008b93d82e3f76a01eca5
212,2204.00107,2204.00107,Comments on Comments: Where Code Review and Documentation Meet,212,1244,7,8,high,8,11,outlines/212_2204.00107.outline.json,pdf/212_2204.00107.pdf,tex_src/212_2204.00107,5938812a35aabe85f8b2a08d0408d70cdab1627ceeb008b93d82e3f76a01eca5
213,2208.09588,2208.09588,Review on Action Recognition for Accident Detection in Smart City Transportation Systems,213,1379,7,8,high,23,157,outlines/213_2208.09588.outline.json,pdf/213_2208.09588.pdf,tex_src/213_2208.09588,5938812a35aabe85f8b2a08d0408d70cdab1627ceeb008b93d82e3f76a01eca5
214,2212.13693,2212.13693,Parsing Objects at a Finer Granularity: A Survey,214,1479,7,8,high,21,288,outlines/214_2212.13693.outline.json,pdf/214_2212.13693.pdf,tex_src/214_2212.13693,5938812a35aabe85f8b2a08d0408d70cdab1627ceeb008b93d82e3f76a01eca5
215,2308.10135,2308.10135,A Review on Objective-Driven Artificial Intelligence,215,1739,7,8,high,11,13,outlines/215_2308.10135.outline.json,pdf/215_2308.10135.pdf,tex_src/215_2308.10135,5938812a35aabe85f8b2a08d0408d70cdab1627ceeb008b93d82e3f76a01eca5
216,2312.13033,2312.13033,Explainable artificial intelligence approaches for brain-computer interfaces: a review and design space,216,1893,7,8,high,18,161,outlines/216_2312.13033.outline.json,pdf/216_2312.13033.pdf,tex_src/216_2312.13033,5938812a35aabe85f8b2a08d0408d70cdab1627ceeb008b93d82e3f76a01eca5
217,2402.06904,2402.06904,Benchmarking Frameworks and Comparative Studies of Controller Area Network (CAN) Intrusion Detection Systems: A Review,217,1971,7,8,high,24,98,outlines/217_2402.06904.outline.json,pdf/217_2402.06904.pdf,tex_src/217_2402.06904,5938812a35aabe85f8b2a08d0408d70cdab1627ceeb008b93d82e3f76a01eca5
218,2412.16631,2412.16631,"Deep Learning for Spatio-Temporal Fusion in Land Surface Temperature Estimation: A Comprehensive Survey, Experimental Analysis, and Future Trends",218,2021,7,8,high,55,259,outlines/218_2412.16631.outline.json,pdf/218_2412.16631.pdf,tex_src/218_2412.16631,5938812a35aabe85f8b2a08d0408d70cdab1627ceeb008b93d82e3f76a01eca5
219,2412.17628,2412.17628,Editing Implicit and Explicit Representations of Radiance Fields: A Survey,219,2025,7,8,high,37,158,outlines/219_2412.17628.outline.json,pdf/219_2412.17628.pdf,tex_src/219_2412.17628,5938812a35aabe85f8b2a08d0408d70cdab1627ceeb008b93d82e3f76a01eca5
220,2502.08796,2502.08796,A Systematic Review on the Evaluation of Large Language Models in Theory of Mind Tasks,220,2055,7,8,high,12,187,outlines/220_2502.08796.outline.json,pdf/220_2502.08796.pdf,tex_src/220_2502.08796,5938812a35aabe85f8b2a08d0408d70cdab1627ceeb008b93d82e3f76a01eca5
221,2205.00299,2205.00299,A Survey of Machine Narrative Reading Comprehension Assessments,221,1283,6,8,high,16,273,outlines/221_2205.00299.outline.json,pdf/221_2205.00299.pdf,tex_src/221_2205.00299,5938812a35aabe85f8b2a08d0408d70cdab1627ceeb008b93d82e3f76a01eca5
222,2003.01648,2003.01648,A Survey on Big Data for Network Traffic Monitoring and Analysis,222,733,8,7,high,35,129,outlines/222_2003.01648.outline.json,pdf/222_2003.01648.pdf,tex_src/222_2003.01648,5938812a35aabe85f8b2a08d0408d70cdab1627ceeb008b93d82e3f76a01eca5
223,2001.09399,2001.09399,A Visual Analytics Framework for Reviewing Streaming Performance Data,223,719,7,7,high,29,104,outlines/223_2001.09399.outline.json,pdf/223_2001.09399.pdf,tex_src/223_2001.09399,5938812a35aabe85f8b2a08d0408d70cdab1627ceeb008b93d82e3f76a01eca5
224,2010.04145,2010.04145,A Survey On Anti-Spoofing Methods For Face Recognition with RGB Cameras of Generic Consumer Devices,224,824,7,7,high,12,350,outlines/224_2010.04145.outline.json,pdf/224_2010.04145.pdf,tex_src/224_2010.04145,5938812a35aabe85f8b2a08d0408d70cdab1627ceeb008b93d82e3f76a01eca5
225,2108.03438,2108.03438,Influence Maximization in Social Networks: A Survey of Behaviour-Aware Methods,225,1048,7,7,high,24,155,outlines/225_2108.03438.outline.json,pdf/225_2108.03438.pdf,tex_src/225_2108.03438,5938812a35aabe85f8b2a08d0408d70cdab1627ceeb008b93d82e3f76a01eca5
226,2109.04269,2109.04269,Asynchronous Federated Learning on Heterogeneous Devices: A Survey,226,1063,7,7,high,25,135,outlines/226_2109.04269.outline.json,pdf/226_2109.04269.pdf,tex_src/226_2109.04269,5938812a35aabe85f8b2a08d0408d70cdab1627ceeb008b93d82e3f76a01eca5
227,2202.06466,2202.06466,"Measuring ""Why"" in Recommender Systems: a Comprehensive Survey on the Evaluation of Explainable Recommendation",227,1178,7,7,high,13,165,outlines/227_2202.06466.outline.json,pdf/227_2202.06466.pdf,tex_src/227_2202.06466,5938812a35aabe85f8b2a08d0408d70cdab1627ceeb008b93d82e3f76a01eca5
228,2202.08235,2202.08235,Data Augmentation for Deep Graph Learning: A Survey,228,1193,7,7,high,15,226,outlines/228_2202.08235.outline.json,pdf/228_2202.08235.pdf,tex_src/228_2202.08235,5938812a35aabe85f8b2a08d0408d70cdab1627ceeb008b93d82e3f76a01eca5
229,2204.00932,2204.00932,Automatic Transformation of Natural to Unified Modeling Language: A Systematic Review,229,1245,7,7,high,33,87,outlines/229_2204.00932.outline.json,pdf/229_2204.00932.pdf,tex_src/229_2204.00932,5938812a35aabe85f8b2a08d0408d70cdab1627ceeb008b93d82e3f76a01eca5
230,2207.11812,2207.11812,"Federated Graph Machine Learning: A Survey of Concepts, Techniques, and Applications",230,1358,7,7,high,30,146,outlines/230_2207.11812.outline.json,pdf/230_2207.11812.pdf,tex_src/230_2207.11812,5938812a35aabe85f8b2a08d0408d70cdab1627ceeb008b93d82e3f76a01eca5
231,2207.14119,2207.14119,A Survey of Syntactic Modelling Structures in Biomedical Ontologies,231,1363,7,7,high,15,30,outlines/231_2207.14119.outline.json,pdf/231_2207.14119.pdf,tex_src/231_2207.14119,5938812a35aabe85f8b2a08d0408d70cdab1627ceeb008b93d82e3f76a01eca5
232,2208.11114,2208.11114,Survey of Persistent Memory Correctness Conditions,232,1386,7,7,high,12,21,outlines/232_2208.11114.outline.json,pdf/232_2208.11114.pdf,tex_src/232_2208.11114,5938812a35aabe85f8b2a08d0408d70cdab1627ceeb008b93d82e3f76a01eca5
233,2209.05294,2209.05294,A Review of Challenges in Machine Learning based Automated Hate Speech Detection,233,1396,7,7,high,17,28,outlines/233_2209.05294.outline.json,pdf/233_2209.05294.pdf,tex_src/233_2209.05294,5938812a35aabe85f8b2a08d0408d70cdab1627ceeb008b93d82e3f76a01eca5
234,2209.14369,2209.14369,Social Search: retrieving information in Online Social Platforms -- A Survey,234,1413,7,7,high,21,147,outlines/234_2209.14369.outline.json,pdf/234_2209.14369.pdf,tex_src/234_2209.14369,5938812a35aabe85f8b2a08d0408d70cdab1627ceeb008b93d82e3f76a01eca5
235,2211.01671,2211.01671,Visually Adversarial Attacks and Defenses in the Physical World: A Survey,235,1428,7,7,high,25,246,outlines/235_2211.01671.outline.json,pdf/235_2211.01671.pdf,tex_src/235_2211.01671,5938812a35aabe85f8b2a08d0408d70cdab1627ceeb008b93d82e3f76a01eca5
236,2212.03645,2212.03645,Systematic review of automatic translation of high-level security policy into firewall rules,236,1452,7,7,high,9,325,outlines/236_2212.03645.outline.json,pdf/236_2212.03645.pdf,tex_src/236_2212.03645,5938812a35aabe85f8b2a08d0408d70cdab1627ceeb008b93d82e3f76a01eca5
237,2301.05795,2301.05795,Poisoning Attacks and Defenses in Federated Learning: A Survey,237,1491,7,7,high,14,32,outlines/237_2301.05795.outline.json,pdf/237_2301.05795.pdf,tex_src/237_2301.05795,5938812a35aabe85f8b2a08d0408d70cdab1627ceeb008b93d82e3f76a01eca5
238,2301.13350,2301.13350,"A Survey on Digital Twins: Architecture, Enabling Technologies, Security and Privacy, and Future Prospects",238,1502,7,7,high,36,142,outlines/238_2301.13350.outline.json,pdf/238_2301.13350.pdf,tex_src/238_2301.13350,5938812a35aabe85f8b2a08d0408d70cdab1627ceeb008b93d82e3f76a01eca5
239,2302.00484,2302.00484,Digital Twin Applications in Urban Logistics: An Overview,239,1507,7,7,high,18,84,outlines/239_2302.00484.outline.json,pdf/239_2302.00484.pdf,tex_src/239_2302.00484,5938812a35aabe85f8b2a08d0408d70cdab1627ceeb008b93d82e3f76a01eca5
240,2302.01859,2302.01859,Generalizing to Unseen Elements: A Survey on Knowledge Extrapolation for Knowledge Graphs,240,1511,7,7,high,22,71,outlines/240_2302.01859.outline.json,pdf/240_2302.01859.pdf,tex_src/240_2302.01859,5938812a35aabe85f8b2a08d0408d70cdab1627ceeb008b93d82e3f76a01eca5
241,2302.11803,2302.11803,A Comprehensive Survey on Source-free Domain Adaptation,241,1535,7,7,high,32,226,outlines/241_2302.11803.outline.json,pdf/241_2302.11803.pdf,tex_src/241_2302.11803,5938812a35aabe85f8b2a08d0408d70cdab1627ceeb008b93d82e3f76a01eca5
242,2304.10837,2304.10837,A Comprehensive Review on Ontologies for Scenario-based Testing in the Context of Autonomous Driving,242,1594,7,7,high,7,49,outlines/242_2304.10837.outline.json,pdf/242_2304.10837.pdf,tex_src/242_2304.10837,5938812a35aabe85f8b2a08d0408d70cdab1627ceeb008b93d82e3f76a01eca5
243,2306.12532,2306.12532,Cloud-Native Architectural Characteristics and their Impacts on Software Quality: A Validation Survey,243,1674,7,7,high,16,26,outlines/243_2306.12532.outline.json,pdf/243_2306.12532.pdf,tex_src/243_2306.12532,5938812a35aabe85f8b2a08d0408d70cdab1627ceeb008b93d82e3f76a01eca5
244,2307.10616,2307.10616,Heterogeneous Federated Learning: State-of-the-art and Research Challenges,244,1709,7,7,high,26,262,outlines/244_2307.10616.outline.json,pdf/244_2307.10616.pdf,tex_src/244_2307.10616,5938812a35aabe85f8b2a08d0408d70cdab1627ceeb008b93d82e3f76a01eca5
245,2309.08754,2309.08754,Reproducible Domain-Specific Knowledge Graphs in the Life Sciences: a Systematic Literature Review,245,1769,7,7,high,7,175,outlines/245_2309.08754.outline.json,pdf/245_2309.08754.pdf,tex_src/245_2309.08754,5938812a35aabe85f8b2a08d0408d70cdab1627ceeb008b93d82e3f76a01eca5
246,2309.14365,2309.14365,An In-depth Survey of Large Language Model-based Artificial Intelligence Agents,246,1778,7,7,high,20,114,outlines/246_2309.14365.outline.json,pdf/246_2309.14365.pdf,tex_src/246_2309.14365,5938812a35aabe85f8b2a08d0408d70cdab1627ceeb008b93d82e3f76a01eca5
247,2309.14715,2309.14715,Explaining Deep Face Algorithms through Visualization: A Survey,247,1780,7,7,high,17,92,outlines/247_2309.14715.outline.json,pdf/247_2309.14715.pdf,tex_src/247_2309.14715,5938812a35aabe85f8b2a08d0408d70cdab1627ceeb008b93d82e3f76a01eca5
248,2310.05890,2310.05890,Solaris photometric survey: Search for circumbinary companions using eclipse timing variations,248,495,7,7,high,23,67,outlines/248_2310.05890.outline.json,pdf/248_2310.05890.pdf,tex_src/248_2310.05890,5938812a35aabe85f8b2a08d0408d70cdab1627ceeb008b93d82e3f76a01eca5
249,2311.06786,2311.06786,Explainability of Vision Transformers: A Comprehensive Review and New Perspectives,249,1841,7,7,high,19,101,outlines/249_2311.06786.outline.json,pdf/249_2311.06786.pdf,tex_src/249_2311.06786,5938812a35aabe85f8b2a08d0408d70cdab1627ceeb008b93d82e3f76a01eca5
250,2311.18636,2311.18636,End-to-end Autonomous Driving using Deep Learning: A Systematic Review,250,1863,7,7,high,23,41,outlines/250_2311.18636.outline.json,pdf/250_2311.18636.pdf,tex_src/250_2311.18636,5938812a35aabe85f8b2a08d0408d70cdab1627ceeb008b93d82e3f76a01eca5
251,2402.01830,2402.01830,PiCO: Peer Review in LLMs based on the Consistency Optimization,251,1952,7,7,high,11,70,outlines/251_2402.01830.outline.json,pdf/251_2402.01830.pdf,tex_src/251_2402.01830,5938812a35aabe85f8b2a08d0408d70cdab1627ceeb008b93d82e3f76a01eca5
252,2402.02932,2402.02932,Domain Adaptation of Multilingual Semantic Search -- Literature Review,252,1959,7,7,high,19,254,outlines/252_2402.02932.outline.json,pdf/252_2402.02932.pdf,tex_src/252_2402.02932,5938812a35aabe85f8b2a08d0408d70cdab1627ceeb008b93d82e3f76a01eca5
253,2402.12627,2402.12627,A Comprehensive Review of Machine Learning Advances on Data Change: A Cross-Field Perspective,253,1981,7,7,high,42,232,outlines/253_2402.12627.outline.json,pdf/253_2402.12627.pdf,tex_src/253_2402.12627,5938812a35aabe85f8b2a08d0408d70cdab1627ceeb008b93d82e3f76a01eca5
254,2412.14352,2412.14352,A Survey on LLM Inference-Time Self-Improvement,254,2014,7,7,high,22,171,outlines/254_2412.14352.outline.json,pdf/254_2412.14352.pdf,tex_src/254_2412.14352,5938812a35aabe85f8b2a08d0408d70cdab1627ceeb008b93d82e3f76a01eca5
255,2010.13814,2010.13814,Is it Great or Terrible? Preserving Sentiment in Neural Machine Translation of Arabic Reviews,255,836,6,7,high,17,45,outlines/255_2010.13814.outline.json,pdf/255_2010.13814.pdf,tex_src/255_2010.13814,5938812a35aabe85f8b2a08d0408d70cdab1627ceeb008b93d82e3f76a01eca5
256,2210.08510,2210.08510,The Gaia-ESO Survey: Old super-metal-rich visitors from the inner Galaxy,256,335,8,6,high,14,137,outlines/256_2210.08510.outline.json,pdf/256_2210.08510.pdf,tex_src/256_2210.08510,5938812a35aabe85f8b2a08d0408d70cdab1627ceeb008b93d82e3f76a01eca5
257,2211.14132,2211.14132,The Gaia-ESO Survey: Probing the lithium abundances in old metal-rich dwarf stars in the Solar vicinity,257,368,7,4,high,6,49,outlines/257_2211.14132.outline.json,pdf/257_2211.14132.pdf,tex_src/257_2211.14132,5938812a35aabe85f8b2a08d0408d70cdab1627ceeb008b93d82e3f76a01eca5
258,2310.08707,2310.08707,"The California Legacy Survey IV. Lonely, Poor, and Eccentric: A Comparison Between Solitary and Neighborly Gas Giants",258,497,7,4,high,17,94,outlines/258_2310.08707.outline.json,pdf/258_2310.08707.pdf,tex_src/258_2310.08707,5938812a35aabe85f8b2a08d0408d70cdab1627ceeb008b93d82e3f76a01eca5
259,2402.01364,2402.01364,Continual Learning for Large Language Models: A Survey,259,1947,7,4,high,25,114,outlines/259_2402.01364.outline.json,pdf/259_2402.01364.pdf,tex_src/259_2402.01364,5938812a35aabe85f8b2a08d0408d70cdab1627ceeb008b93d82e3f76a01eca5
260,2211.10719,2211.10719,Photometric Properties of Jupiter Trojans detected by the Dark Energy Survey,260,362,8,2,high,15,76,outlines/260_2211.10719.outline.json,pdf/260_2211.10719.pdf,tex_src/260_2211.10719,5938812a35aabe85f8b2a08d0408d70cdab1627ceeb008b93d82e3f76a01eca5
261,2106.14522,2106.14522,The eROSITA Final Equatorial-Depth Survey (eFEDS): The AGN Catalogue and its X-ray Spectral Properties,261,175,8,1,high,27,48,outlines/261_2106.14522.outline.json,pdf/261_2106.14522.pdf,tex_src/261_2106.14522,5938812a35aabe85f8b2a08d0408d70cdab1627ceeb008b93d82e3f76a01eca5
